OBJECTID,ZIPCODE,Shape_Length,Shape_Area,centroid_lat,centroid_lon,nearest_facility_id,nearest_facility_name,nearest_facility_distance_km,nearest_facility_distance_miles,count_within_1km,count_within_5km,count_within_10km,count_within_15km,count_within_25km,count_within_1mi,count_within_3mi,count_within_5mi,count_within_10mi,count_within_15mi
1,90001,48677.27847787667,95563401.53202106,33.973681253292156,-118.24942386764316,348,TESSIE CLEVELAND COMMUNITY SERVICES CORPORATION,0.823,0.511,1,16,64,131,305,2,15,43,152,289
2,90002,44972.01703453636,82752224.01451889,33.94909502111195,-118.24705025570857,317,BROWN SCAPULAR PROGRAM,0.567,0.352,1,17,54,111,298,1,17,34,133,283
3,90003,63303.481758449634,102643123.14496835,33.96410325070761,-118.27394758066342,464,BIENESTAR HUMAN SERVICES,0.485,0.301,2,18,60,145,295,2,15,44,164,281
4,90004,52471.89763473753,83956967.23410559,34.07620916143665,-118.31095043775098,375,MARIPOSA HOUSE,1.037,0.644,0,48,116,208,421,6,45,88,234,409
5,90005,88978.01112804614,36885814.33233301,34.059799589922704,-118.30997906415313,345,"KOREATOWN YOUTH AND COMMUNITY CENTER, INC.",0.729,0.453,1,45,114,200,412,5,39,93,226,388
6,90006,37832.454800946,53703662.40308896,34.04827046176715,-118.29406577724185,379,MENLO HOUSE RESIDENTIAL,0.76,0.472,2,40,108,195,398,5,37,83,209,379
7,90007,57886.26997575132,68596085.98789631,34.02845000268833,-118.28498601180041,505,THE HAVEN AT COLLEGE,0.374,0.232,2,33,101,185,373,7,32,68,198,360
8,90008,59093.41868237459,106644565.28327772,34.0090526985868,-118.34864637398418,930,CALIFORNIA INSTITUTE OF HEALTH & SOCIAL SERVICES ALCOHOL & DRUG EDUCATION PROGRAM ,0.874,0.543,1,20,116,185,366,2,18,81,194,345
9,90010,42372.00983965321,4555114.650669028,34.06175174136851,-118.31064741640398,345,"KOREATOWN YOUTH AND COMMUNITY CENTER, INC.",0.676,0.42,1,45,114,201,414,4,42,90,223,392
10,90011,57120.06467111682,119579543.02276778,34.006956807601654,-118.25865676671933,473,HILLSMAN CENTER,1.003,0.623,0,23,81,166,338,2,22,51,181,326
11,90012,61817.4669419489,96562155.68188718,34.06617897708658,-118.23885263923177,391,ROBERT SUNDANCE FAMILY WELLNESS CENTER,1.765,1.097,0,19,81,160,368,0,17,49,182,355
12,90014,14875.295283464926,7917526.068145594,34.04301268291464,-118.25177341573759,404,WEINGART CENTER ASSOCIATION/EPIC,0.653,0.405,2,26,83,164,365,3,26,55,190,349
13,90015,37381.58648645402,46602624.3150348,34.03952149654342,-118.266357200421,425,HEALTHRIGHT 360,1.166,0.724,0,31,91,175,372,1,30,65,191,360
14,90016,57294.14517636251,103266621.82654949,34.02865211894937,-118.35410844899674,763,SERENE RECOVERY,1.003,0.623,0,30,130,185,407,2,29,91,210,380
15,90017,24579.726993410834,19807345.013671927,34.05304015064446,-118.26453398114276,280,ROYAL PALMS RECOVERY HOME,1.098,0.682,0,33,94,173,376,2,33,66,193,362
16,90018,44601.2749743104,83025065.79417403,34.028814805698815,-118.31710481964932,949,"ADVOCATE BEHAVIORAL HEALTH, LLC",2.026,1.259,0,34,121,193,379,0,34,85,206,368
17,90019,66607.66262818372,106758471.96429351,34.048707216594686,-118.33895613428545,568,CONQUER RECOVERY,0.186,0.116,4,41,135,212,422,7,39,96,228,402
18,90020,41832.39927305534,32961671.812516447,34.066346884400126,-118.31014082998418,345,"KOREATOWN YOUTH AND COMMUNITY CENTER, INC.",0.65,0.404,2,46,115,205,415,4,43,89,227,393
19,90021,38396.76810795646,57382616.77705307,34.02902274706476,-118.23913843674784,446,"MOTIVATIONAL RECOVERY SERVICES, INC.",1.479,0.919,0,20,74,146,340,2,18,50,170,323
20,90022,60796.016444147404,118832976.58019985,34.02440202125322,-118.15581515843365,418,"MELA COUNSELING SERVICES CENTER, INC.",1.001,0.622,0,9,27,106,255,2,9,17,121,247
21,90023,78312.76335159462,159187490.6449151,34.01935499534808,-118.19969922879875,218,BHS BOYLE HEIGHTS FAMILY RECOVERY CENTER,0.422,0.262,1,13,52,115,303,1,7,34,147,288
22,90024,59099.36935588863,81821002.54064175,34.0655487591506,-118.43524595233721,463,MUSE TREATMENT,1.167,0.725,0,25,100,231,480,2,23,68,263,463
23,90025,61701.203222360185,69502027.71454719,34.04500261044138,-118.44629091307294,785,SKYLINE RECOVERY CENTER,0.517,0.322,3,31,81,184,462,7,30,62,218,452
24,90026,65508.23741448815,113989370.87885708,34.07893513199354,-118.26332155635033,363,GATEWAYS OUTPATIENT HEALING AND ADDICTION RECOVERY,0.929,0.578,1,29,96,179,386,4,28,70,202,368
25,90027,80042.7030038521,240682382.71763977,34.12550850345176,-118.29205757523566,612,LUXE RECOVERY,1.314,0.817,0,25,96,205,431,1,22,59,235,406
26,90028,40223.52114127238,43287307.960974105,34.099834320729286,-118.32708492560478,423,LA FUENTE HOLLYWOOD TREATMENT CENTER ,0.424,0.264,2,36,119,239,452,8,34,87,258,442
27,90029,35471.19448437367,39819876.052322865,34.08984538173996,-118.29476471453084,623,RISE WELLNESS CENTER,0.409,0.254,4,39,108,197,416,7,36,78,225,394
28,90031,79588.41185971093,106239041.30619103,34.07853278433985,-118.21283295230621,318,LINCOLN HEIGHTS RECOVERY CAMPUS,1.493,0.928,0,11,58,145,345,2,10,40,163,327
29,90032,66300.14995991437,140227856.029871,34.08019221433801,-118.17839666418793,313,"PRINCIPLES, INC., D.B.A. IMPACT",0.246,0.153,1,6,40,118,298,2,5,17,143,274
30,90033,45641.60214909002,85104880.37886329,34.0504590490092,-118.21105139342939,447,"EXODUS RECOVERY, INC.",0.773,0.48,1,11,66,138,326,1,10,39,156,310
31,90034,56671.572994271984,86401301.02063446,34.03073282026863,-118.39942873338825,752,1 METHOD,0.679,0.422,2,39,103,187,424,9,38,80,208,405
32,90035,43983.58565740455,57209188.43203896,34.05177199209521,-118.38355053134187,642,SYNERGY RECOVERY,0.06,0.037,4,43,123,212,451,6,43,83,232,424
33,90036,41354.98165139306,69593162.03353071,34.07008974396586,-118.35008399483722,718,RAINBOW HILL RECOVERY,0.857,0.532,2,48,125,233,451,7,44,95,254,432
34,90037,48129.428899428494,81432298.75439432,34.003072867994774,-118.28743581428155,324,"CANON HUMAN SERVICES CENTERS, INC.",1.351,0.839,0,23,88,176,339,4,22,59,191,322
35,90038,39784.557384437074,42456299.59712191,34.08869753009312,-118.32698246457633,423,LA FUENTE HOLLYWOOD TREATMENT CENTER ,1.323,0.822,0,46,119,225,452,3,42,86,253,430
36,90039,69937.06043918521,113014223.20410106,34.1134023955208,-118.26195127470197,939,LOS FELIZ DETOX CENTER INC.,0.727,0.452,1,17,79,180,389,3,17,57,197,371
37,90040,83607.82550210957,154837011.09321615,33.9934965154815,-118.14872125008038,535,EAST LOS ANGELES WOMEN'S CENTER,0.673,0.418,1,8,29,87,255,1,8,18,98,236
38,90041,68444.46205588449,98934408.45660304,34.137280304047955,-118.20685680146028,581,"RECOVERY ZONE, INC.",0.906,0.563,1,7,48,118,330,1,5,33,141,306
39,90042,69418.50815192518,126051522.50232247,34.11478812063402,-118.19193723062807,819,HIGHLAND PARK,1.596,0.992,0,6,52,117,320,1,6,28,137,294
40,90043,57259.13402281939,113286768.59980337,33.98870955874046,-118.33520619681262,331,ASIAN AMERICAN DRUG ABUSE PROGRAM,0.785,0.488,1,13,94,181,325,1,11,60,195,299
41,90044,82316.22777618798,139674730.05842745,33.95307459682881,-118.29185386711676,390,HOUSE OF UHURU,1.685,1.047,0,16,57,142,290,0,15,41,162,275
42,90045,98726.59832241385,305820018.86369693,33.95307346893043,-118.40054173307108,226,HIGH GAIN PROGRAM,0.579,0.36,1,8,49,127,277,1,8,29,145,259
43,90046,86575.3782579,157746549.21207008,34.10757256157507,-118.36502637425869,454,BREATHE WEHO TREATMENT SERVICES,0.945,0.587,1,35,138,257,491,1,31,85,292,473
44,90047,77331.59323316549,134213045.97884873,33.954100777325046,-118.30899947918302,966,REGGIE'S TREATMENT CENTER I LLC ,0.941,0.585,1,15,56,147,289,3,13,38,168,265
45,90048,42281.163768227,51266833.47656332,34.0727646368314,-118.37281176558749,788,HOPESIDE DETOX LLC,0.823,0.511,3,40,127,238,474,5,39,93,264,450
46,90049,132308.72240639746,426414819.88630825,34.088540660612914,-118.48904032658727,518,"CASA BELLA SOBER LIVING - WEST, LLC",3.398,2.111,0,3,82,251,481,0,1,34,295,471
47,90056,37127.55577007013,43781557.24701794,33.98815932381436,-118.37014019434966,349,CNV DETOX,2.195,1.364,0,21,90,173,339,0,18,58,184,328
48,90057,26195.116265201337,25909144.35075439,34.06241441253243,-118.27694978086136,424,HEALTHRIGHT 360,0.169,0.105,3,33,102,178,389,7,32,80,208,372
49,90058,92632.01048101998,131647587.9253541,34.001109399882445,-118.2186050335878,218,BHS BOYLE HEIGHTS FAMILY RECOVERY CENTER,2.398,1.49,0,10,62,119,315,0,10,39,143,300
50,90059,66238.94724715849,93135767.77896343,33.92566733204766,-118.24957550272465,229,BHS RESPITE & RECOVERY CENTER AT MLK CAMPUS,0.986,0.613,3,13,41,92,279,3,11,33,112,266
51,90061,52266.48757815451,76648929.35140952,33.920325779186264,-118.27398897858527,355,DARE U TO CARE OUTREACH MINISTRY,0.577,0.358,1,15,42,95,272,1,15,32,115,266
52,90062,36684.79352519134,52544723.60222985,34.00356978974949,-118.30909302329407,862,L.A. GLOBAL CARE,0.165,0.103,1,24,104,183,339,2,21,63,202,320
53,90063,54052.13906672822,93436930.3760361,34.04543223563807,-118.18551840256372,447,"EXODUS RECOVERY, INC.",2.63,1.634,0,9,43,124,297,0,9,23,153,287
54,90064,65690.78766591128,110414356.23062995,34.03704868550189,-118.42454405161868,405,CASA PALMERA LOS ANGELES,0.28,0.174,1,41,90,185,458,7,40,77,204,437
55,90065,83157.70257170666,145389928.34674114,34.107919158648315,-118.22715754800016,802,CA DRUG DETOX LLC,1.075,0.668,0,11,64,155,354,1,9,38,176,347
56,90066,69889.16119913061,139512530.34869063,34.00108625914951,-118.43106428746631,617,MISSION HARBOR BEHAVIORAL HEALTH,0.463,0.288,3,34,75,132,398,5,32,57,152,373
57,90067,15765.28146989418,10353515.966733987,34.057580455349054,-118.41415352475539,846,BRIGHTSIDE HEALTH,0.207,0.129,1,36,100,226,473,4,34,76,248,457
58,90068,86280.16951888795,205592864.86485192,34.1277688313763,-118.32997340190546,784,BLISS RECOVERY ,0.972,0.604,1,25,123,241,477,5,23,81,260,454
59,90069,45167.32582959861,60101434.16511605,34.093864127294246,-118.38141422228577,386,"TWIN TOWN TREATMENT CENTERS, WEST HOLLYWOOD",0.769,0.478,3,34,135,272,491,5,28,85,290,477
60,90071,8750.620807938023,4040733.4467561804,34.05249598234689,-118.25545057929655,741,BESPOKE TREATMENT LLC,1.309,0.814,0,29,90,171,373,3,27,59,190,359
61,90073,27361.199204049073,17737982.915539823,34.05709805587639,-118.45884775980892,377,NEW DIRECTIONS FOR VETERANS,0.406,0.252,1,16,76,196,462,4,16,58,246,457
62,90077,90139.71217973657,201734547.4613489,34.10584343687676,-118.4549589683072,269,RED DOOR LIFE,2.929,1.82,0,9,117,287,489,0,7,65,321,484
63,90089,12256.828341047574,7188822.482012635,34.021463343092336,-118.28653098802096,505,THE HAVEN AT COLLEGE,0.599,0.372,4,31,97,181,367,7,28,67,198,346
64,90094,49434.59967525647,33728277.836135775,33.97237173433808,-118.42574338965284,544,ORIGINS TREATMENT CENTER,0.848,0.527,1,19,62,121,320,2,17,41,136,288
65,90095,13510.441404207379,9051774.86687072,34.071394812854564,-118.44326567687524,506,THE HAVEN AT COLLEGE,1.183,0.735,0,19,102,241,485,2,19,56,275,466
66,90201,91501.69918224006,175806946.04394233,33.97122169491719,-118.17066918420504,530,PENNY LANE CENTERS,1.715,1.065,0,9,34,90,269,0,7,20,109,261
67,90210,107987.1319164386,302058172.74713165,34.102274448958006,-118.41511710926139,570,90210 RECOVERY INC,0.508,0.316,2,15,133,292,498,3,15,83,317,486
68,90211,24391.04377962011,19584945.03786672,34.064976574722785,-118.38303566618413,728,MISSION ADDICTION TREATMENT ,0.391,0.243,2,42,125,227,470,4,42,91,255,448
69,90212,25920.486770685224,25163960.229576625,34.0620193907634,-118.40141504487393,808,WE CARE OUTPATIENT LLC,0.392,0.243,3,45,116,229,474,5,40,77,256,455
70,90220,76544.46362909698,189068383.38366336,33.880624620906644,-118.23613799850885,703,"UNDERSTANDING NEEDED INTEGRATION, LLC",2.789,1.733,0,8,35,79,222,0,8,24,95,209
71,90221,84538.47081698071,149356841.74583176,33.88521370322205,-118.20679071789368,419,SOLUTION FAMILY RESOURCE CENTER,1.205,0.749,0,8,33,81,212,3,7,21,90,199
72,90222,45326.19294803554,71883479.90485835,33.91235850437969,-118.23568098727506,229,BHS RESPITE & RECOVERY CENTER AT MLK CAMPUS,1.283,0.797,0,13,43,88,260,4,13,28,104,250
73,90230,66927.6292375389,120572532.5652479,33.99655170344455,-118.39583222804454,309,DIDI HIRSCH MENTAL HEALTH SERVICES- SEPULVEDA SITE,0.924,0.574,1,26,89,161,377,3,24,65,176,345
74,90232,57013.59740939509,62235268.03093902,34.01851118987695,-118.39190132371543,513,"SILICON BEACH OUTPATIENT CENTER, LLC",1.036,0.644,0,38,102,172,403,6,32,80,194,392
75,90240,54224.319882032476,86107367.43241437,33.956426591429015,-118.11803043784369,231,POSITIVE STEPS,2.599,1.615,0,5,28,63,196,0,5,22,77,184
76,90241,75882.71657343749,139469207.2450618,33.94041687779462,-118.12938165244461,231,POSITIVE STEPS,0.546,0.339,2,5,35,66,188,2,5,19,73,176
77,90242,70243.78423854649,123979641.93470483,33.92203371861201,-118.14188829026499,231,POSITIVE STEPS,1.825,1.134,0,5,31,66,190,0,3,21,79,166
78,90245,57324.782490053614,152778226.9899209,33.916957573270594,-118.40145958769142,492,CLEAR BEHAVIORAL HEALTH,1.342,0.834,0,4,31,90,239,1,4,17,111,226
79,90247,61356.4988744256,103625460.48354125,33.89148855871942,-118.2973903601106,493,CLEAR BEHAVIORAL HEALTH,1.629,1.012,0,10,40,79,252,0,10,23,95,246
80,90248,92105.66666511055,130974604.1377527,33.87745914635496,-118.28367871787326,703,"UNDERSTANDING NEEDED INTEGRATION, LLC",1.833,1.139,0,7,36,74,237,0,7,22,98,225
81,90249,48262.350168147605,84357415.26334557,33.90173051801345,-118.31685901370847,333,"ASIAN AMERICAN DRUG ABUSE PROGRAM, INC.",0.388,0.241,2,10,40,84,262,3,10,27,101,254
82,90250,89575.37800830194,184910190.0496567,33.913939907536765,-118.34922264523661,213,PACIFICA HOUSE,2.656,1.65,0,7,37,101,260,0,6,24,120,250
83,90254,28450.07522844822,40252305.70817585,33.865256332634374,-118.39636568116168,486,CLEAR RECOVERY CENTER,1.356,0.843,0,6,18,43,197,1,6,11,57,181
84,90255,72266.75172053117,103927448.1623432,33.977051470338665,-118.21731451457023,613,DETOUR TRANSITIONS,0.591,0.367,2,11,56,110,304,2,11,36,130,289
85,90260,49645.76648925506,71920459.88966694,33.88796091237429,-118.35023836087692,216,SOUTH BAY FAMILY RECOVERY CENTER,2.192,1.362,0,8,29,71,241,0,7,20,90,230
86,90261,3226.0120334350668,561318.7238194009,33.895347809315545,-118.37690121021625,488,CLEAR RECOVERY CENTER,2.308,1.434,0,5,27,73,238,0,5,19,89,225
87,90262,77669.7031760269,137311591.07189715,33.923705175625734,-118.20126115771549,438,"HOPE ALIVE COUNSELING CENTERS, LLC",1.297,0.806,0,12,32,90,255,1,11,27,99,240
88,90263,20517.328126970886,11434394.158301681,34.04081977584537,-118.7073462751598,448,THE POINTE MALIBU OUTPATIENT CENTER,2.027,1.259,0,5,20,49,190,0,5,17,56,171
89,90265,351519.34907906514,2262557490.0506706,34.06155118320386,-118.78220772972007,510,"LIFESYNC RECOVERY AND DETOXIFICATION, LLC",3.007,1.869,0,16,42,47,110,0,16,27,49,100
90,90266,47964.41869192728,108935825.48836902,33.88945654488693,-118.396935954694,488,CLEAR RECOVERY CENTER,0.784,0.487,1,4,24,60,220,1,4,15,77,209
91,90270,30409.066130379677,33089319.72477773,33.98854240471115,-118.18779499469782,244,THE SALVATION ARMY BELL SHELTER--WELLNESS CENTER,1.565,0.972,0,10,46,106,291,1,9,25,123,278
92,90272,140439.5203111104,677611374.9354496,34.08062639868788,-118.54402012396143,518,"CASA BELLA SOBER LIVING - WEST, LLC",6.55,4.07,0,0,48,197,458,0,0,9,228,435
93,90274,185438.98036954287,334971572.75001323,33.77733811100926,-118.36844579451862,695,MISSION PREP HEALTHCARE,0.63,0.392,2,5,26,36,96,2,5,11,39,90
94,90275,206572.3746038612,372270445.280702,33.75575904873394,-118.3641126848126,693,MISSION PREP HEALTHCARE,0.654,0.407,1,5,22,31,85,1,5,16,37,81
95,90277,57802.92055622997,102511900.91890255,33.83079346362218,-118.38403425412923,888,R&R HEALTH LLC,1.235,0.767,0,6,17,43,166,1,6,14,51,147
96,90278,55422.678973501585,99275500.79337452,33.87340772262876,-118.3703907699644,483,CLEAR RESIDENTIAL CENTER,1.646,1.023,0,9,21,55,220,0,7,16,70,213
97,90280,104415.45522432236,209519099.02632263,33.94444870485109,-118.19246564748379,449,"COMPATIOR, INC.",0.28,0.174,1,12,39,93,265,1,8,26,104,248
98,90290,134585.66731901426,521684316.1674511,34.10055008857503,-118.61205888328489,886,RESTART RECOVERY,4.063,2.525,0,2,64,140,397,0,2,24,164,380
99,90291,38370.54469934907,65626605.6663866,33.99414844287596,-118.46295240822793,800,WEST LA RECOVERY LLC,0.677,0.421,2,19,57,95,380,5,18,45,109,352
100,90292,37777.71176041979,68588838.11512426,33.97837847377434,-118.44800801420897,469,LAT INTENSIVE OUTPATIENT PROGRAMS INC.,1.453,0.903,0,19,57,103,349,2,17,43,119,320
101,90293,56892.40613570193,52241404.95438726,33.94603667504638,-118.43709366510176,492,CLEAR BEHAVIORAL HEALTH,3.766,2.34,0,5,35,99,259,0,5,23,111,238
102,90301,56522.20522907033,95595462.79026194,33.957161313851664,-118.3532550625354,799,"RECOVER MEDICAL GROUP, PC",1.255,0.78,0,10,62,163,291,2,9,37,173,270
103,90302,38898.66285353281,51768022.08761979,33.97490766324174,-118.35537780535611,308,DIDI HIRSCH MENTAL HEALTH SERVICES - INGLEWOOD SITE,1.4,0.87,0,13,85,171,313,2,11,44,187,292
104,90303,38418.30859975267,55672403.85617444,33.93664448696338,-118.33130887292306,401,"NEW HOPE DRUG AND ALCOHOL TREATMENT PROGRAM, INC.",2.011,1.249,0,10,49,128,275,0,10,26,149,261
105,90304,42782.87874828677,45935698.52804118,33.93738063006121,-118.35875210291178,358,WESTSIDE RESIDENCE HALL,2.276,1.414,0,10,43,132,267,0,9,25,150,253
106,90305,38633.61606686421,45367397.274415605,33.95875203103355,-118.32679644690887,433,FFC SPIRITUAL AND BEHAVIORAL HEALTH CENTER,0.529,0.329,1,12,67,160,293,2,12,35,176,269
107,90401,27719.38131581947,23522669.069454152,34.01573977893458,-118.49277434349233,686,THE MALONE COLLECTIVE ,0.548,0.34,1,13,48,100,416,3,13,36,119,398
108,90402,49898.049100836564,54260993.14599011,34.035794618795755,-118.50320403473968,686,THE MALONE COLLECTIVE ,1.893,1.177,0,10,44,126,456,0,9,26,162,426
109,90403,39140.70875214308,38720755.16091083,34.03164268783096,-118.48943114605478,596,NEWPORT ACADEMY,0.576,0.358,1,16,49,132,437,2,16,37,154,424
110,90404,42483.10880379011,53047319.8647992,34.0267039348902,-118.47358017621168,596,NEWPORT ACADEMY,1.054,0.655,0,26,59,122,440,2,25,48,154,419
111,90405,45710.3660889249,77411786.57929662,34.01193387875039,-118.46779326420976,240,PICO OUTPATIENT,1.209,0.751,0,24,57,105,426,2,22,49,128,400
112,90501,71750.07171402253,157273051.0418395,33.83342739878133,-118.31435366456246,222,NATIONAL COUNCIL ON ALCOHOLISM & DRUG DEPENDENCE OF THE SOUTH BAY,0.334,0.207,1,6,24,69,171,1,6,16,76,154
113,90502,42751.370206431326,63151351.64783707,33.835332063651265,-118.29301654251165,222,NATIONAL COUNCIL ON ALCOHOLISM & DRUG DEPENDENCE OF THE SOUTH BAY,2.252,1.4,0,4,24,75,172,0,3,15,84,156
114,90503,62503.006044975235,163804707.71657732,33.842241014564806,-118.35191180127944,381,TWIN TOWN TREATMENT CENTERS - TORRANCE,1.264,0.785,0,9,21,57,187,2,9,15,68,177
115,90504,52890.12597563524,107762252.96942964,33.86908804452665,-118.33043844132757,484,CLEAR RECOVERY CENTER,1.321,0.821,0,11,23,67,228,1,9,18,87,215
116,90505,68803.65734713977,163049815.50242037,33.809062420477154,-118.34799827218458,381,TWIN TOWN TREATMENT CENTERS - TORRANCE,2.502,1.555,0,6,22,44,136,0,5,15,54,123
117,90506,8510.138921776066,4584443.58759786,33.88490063696375,-118.33055126713172,216,SOUTH BAY FAMILY RECOVERY CENTER,0.658,0.409,1,8,33,75,240,1,8,22,84,234
118,90601,136418.69115807957,272864259.1249011,34.006299067895064,-118.03357290854352,705,SOLACE TREATMENT CENTER LLC,2.599,1.615,0,4,21,32,143,0,4,14,38,132
119,90602,78937.66155028819,73226413.6577552,33.96967658409893,-118.03113511525035,842,SOLACE HILLS LLC,0.22,0.136,2,7,20,33,136,4,7,16,36,116
120,90603,80646.75872778748,86393234.07617976,33.94471192753687,-117.9923746157613,844,YPF OUTPATIENT SERVICES,1.062,0.66,0,7,16,27,90,1,7,12,28,76
121,90604,71711.52776170042,118482055.07535821,33.93031097345576,-118.01234401459291,840,SOLACE HILLS LLC,0.816,0.507,1,10,16,25,97,2,9,16,35,87
122,90605,135634.22556820337,173199677.08020228,33.951321631515036,-118.02188001493971,368,SPIRITT FAMILY SERVICES,2.094,1.301,0,12,16,32,120,0,12,16,36,99
123,90606,66310.97172102681,104411475.75637516,33.97736188035234,-118.06625249326683,672,TRINITY BEHAVIORAL HEALTH,2.141,1.33,0,7,28,40,171,0,7,17,49,155
124,90623,4621.470557071097,1063860.3872790216,33.851130073673794,-118.05210021674189,398,HELPLINE YOUTH COUNSELING ,6.169,3.833,0,0,11,40,92,0,0,7,47,80
125,90630,9585.822126487461,1287939.4205106904,33.838650431201266,-118.0605582181459,340,GRATITUDE LODGE,5.942,3.693,0,0,9,41,94,0,0,6,46,88
126,90631,74809.72620092519,178096187.75664365,33.95980202648376,-117.95076959935423,947,BLUE SKIES TREATMENT CENTER LLC,3.301,2.051,0,3,10,24,66,0,2,7,24,59
127,90638,91812.30077239209,215212007.66927043,33.9025269849671,-118.00923589424438,840,SOLACE HILLS LLC,2.734,1.699,0,4,16,25,83,0,4,13,26,77
128,90639,10676.957734386197,3949906.0623507765,33.9057799017586,-118.01482386334943,840,SOLACE HILLS LLC,2.522,1.567,0,6,16,25,88,0,4,14,27,79
129,90640,104064.388982871,237096901.47978157,34.0156522792779,-118.11010454996102,762,ULTIMATE RECOVERY CENTER ,0.737,0.458,1,6,24,64,212,2,5,13,82,199
130,90650,92732.54750936148,271565800.2823212,33.90691368187328,-118.0829640484385,398,HELPLINE YOUTH COUNSELING ,1.356,0.842,0,7,24,48,127,2,7,14,56,118
131,90660,105083.37195582787,264888660.90125662,33.99302125087896,-118.08714755486031,762,ULTIMATE RECOVERY CENTER ,3.972,2.468,0,4,26,48,189,0,4,19,61,176
132,90670,136070.1174089684,238348748.4465116,33.9321504976194,-118.06253978662208,320,L.A. CADA,0.22,0.137,2,10,20,41,135,2,9,19,50,121
133,90701,41707.52075038576,45338282.7251663,33.86763000895543,-118.08065070723629,398,HELPLINE YOUTH COUNSELING ,4.296,2.67,0,3,18,48,119,0,3,8,57,108
134,90703,119688.67250297607,246426950.21195507,33.86797604046594,-118.06867562513091,398,HELPLINE YOUTH COUNSELING ,4.108,2.553,0,2,18,47,108,0,2,9,50,97
135,90706,59208.15733479047,171785341.5449927,33.88804581915188,-118.12712584300036,247,LITTLE HOUSE,0.028,0.017,1,4,22,68,156,1,3,19,71,149
136,90710,47358.75619039718,74043898.24100085,33.79677295104921,-118.2981691201262,215,WILMINGTON COMMUNITY RECOVERY CENTER,3.362,2.089,0,4,33,59,119,0,4,25,68,106
137,90712,61873.34470696004,115374047.97267003,33.84921489008804,-118.14675000124653,384,"POSITIVE STEPS, INC.",1.289,0.801,0,8,32,54,139,1,8,19,62,136
138,90713,47619.82546887085,97324228.25104389,33.848121256321164,-118.11277197763418,384,"POSITIVE STEPS, INC.",1.997,1.241,0,4,20,51,124,0,4,13,56,115
139,90715,41993.94944474403,47788234.28097575,33.84035958022076,-118.07897827982804,340,GRATITUDE LODGE,4.33,2.691,0,2,14,44,106,0,2,8,47,98
140,90716,25964.89549880552,26594509.14914199,33.83041689363941,-118.07299609125019,340,GRATITUDE LODGE,4.701,2.921,0,2,12,42,98,0,1,5,45,90
141,90717,46940.81813010388,54856764.38727963,33.79375402541875,-118.31725373247454,694,MISSION PREP HEALTHCARE,3.513,2.183,0,2,31,50,116,0,2,23,59,104
142,90723,62962.740436036016,136327815.94644666,33.89727296661826,-118.16533789666123,537,LONG BEACH MCRP,1.833,1.139,0,7,30,83,191,0,7,20,90,176
143,90731,134529.16217226416,356036411.7854855,33.739496188302326,-118.27869990892641,248,"HOUSE OF HOPE FOUNDATION, INC.",0.483,0.3,9,13,24,43,81,10,13,16,47,77
144,90732,86523.23965095058,88612943.92672782,33.741384311293906,-118.31218993106577,632,COASTWISE RECOVERY CENTER ,0.59,0.367,1,13,19,41,82,1,13,18,46,76
145,90744,92694.91014954088,243298098.1207067,33.78030551551495,-118.25717789088307,400,COASTAL COMPREHENSIVE TREATMENT CENTER,1.04,0.646,0,3,31,60,107,2,3,24,66,100
146,90745,81937.24442418193,244127012.01218784,33.82159336964902,-118.26413273717083,215,WILMINGTON COMMUNITY RECOVERY CENTER,3.575,2.221,0,2,36,76,142,0,2,13,78,131
147,90746,82396.51150848935,142243752.6424191,33.85889320459244,-118.25533343118191,703,"UNDERSTANDING NEEDED INTEGRATION, LLC",1.748,1.086,0,4,37,87,203,0,3,22,94,193
148,90747,17152.43881878923,15298214.471818324,33.86283027553157,-118.25701938692472,703,"UNDERSTANDING NEEDED INTEGRATION, LLC",1.293,0.803,0,4,37,90,207,1,4,19,95,199
149,90755,56381.94936373388,61488288.07083762,33.802930198593124,-118.16809581649956,387,CAMBODIAN ASSOCIATION OF AMERICA,1.617,1.005,0,16,26,54,120,0,15,23,58,113
150,90802,181881.27550552046,168434676.39081502,33.7593380133561,-118.20662481605963,225,FLOSSIE LEWIS CENTER,2.385,1.482,0,10,32,43,94,0,10,26,52,89
151,90803,68577.14120570425,137033918.1501372,33.76137895747193,-118.12292586548605,437,"ADVANCES IN MENTAL HEALTH AND ADDICTIONS TREATMENT, INC.",2.614,1.624,0,9,19,32,86,0,8,17,37,83
152,90804,46944.61166995559,59523294.64932039,33.78180949708084,-118.14886139722533,270,SAFE REFUGE,0.367,0.228,3,15,23,42,103,4,14,20,46,100
153,90805,73017.68121719583,208385055.4464752,33.865354828422916,-118.18016413077359,325,LOS ANGELES CENTERS FOR ALCOHOL AND DRUG ABUSE,1.134,0.704,0,8,31,69,165,1,8,16,73,159
154,90806,96001.45759826685,125678929.45931034,33.80682630119891,-118.18190137806911,387,CAMBODIAN ASSOCIATION OF AMERICA,0.574,0.357,1,16,26,53,126,1,13,24,60,118
155,90807,78510.57019572738,135399628.21038723,33.82960521463202,-118.1796415355345,466,ROOTS THROUGH RECOVERY,0.531,0.33,1,10,32,61,138,1,8,27,72,132
156,90808,74753.29887674238,188840478.5456229,33.823952154435794,-118.111372489088,340,GRATITUDE LODGE,1.289,0.801,0,5,25,39,115,1,4,16,46,104
157,90810,81539.3054731914,192310091.84091836,33.819406312543066,-118.22112996036621,250,PALM HOUSE RECOVERY HOME,1.679,1.043,0,8,32,71,137,0,7,20,76,129
158,90813,63418.07823580541,98606449.0677527,33.7814556354358,-118.19736459468824,217,REDGATE MEMORIAL RECOVERY CENTER,0.881,0.547,2,14,35,49,107,5,14,20,52,100
159,90814,48405.90280742051,37504063.864837065,33.77144093720461,-118.14305846550447,271,SAFE REFUGE,1.204,0.748,0,11,21,39,98,2,11,19,43,91
160,90815,88367.94390011269,194984820.9076377,33.796579155843936,-118.11657291434496,501,FAITH RECOVERY ,0.742,0.461,1,7,22,33,104,1,7,19,37,97
161,90822,8830.995936867186,4687731.3860527305,33.77869278806304,-118.11850427927183,437,"ADVANCES IN MENTAL HEALTH AND ADDICTIONS TREATMENT, INC.",1.382,0.859,0,9,20,30,98,1,9,17,39,90
162,90831,3993.2052999386,872647.7713368521,33.76834312950666,-118.20002803358653,225,FLOSSIE LEWIS CENTER,1.281,0.796,0,13,34,47,98,1,13,19,51,94
163,90840,22027.785107744745,10149551.60211142,33.78331331199246,-118.1143966167749,501,FAITH RECOVERY ,1.573,0.977,0,7,21,30,97,1,7,18,32,92
164,90846,19768.3220834208,12406581.032644376,33.82724928231375,-118.1502470826796,585,"AKUA BEHAVIORAL HEALTH, INC.",2.187,1.359,0,8,28,48,129,0,8,25,61,122
165,91001,189954.44099413956,900049190.3065296,34.21559784367906,-118.11122304915693,583,INVICTA RECOVERY CENTER,3.968,2.466,0,3,25,34,132,0,2,23,37,118
166,91006,142398.5824809834,185775167.17779034,34.13442819910718,-118.02657237587788,848,"UNITED DRUG REHAB CENTER, INC",2.917,1.813,0,2,19,40,108,0,2,12,43,100
167,91007,70703.23637295816,152036005.30781397,34.1285292016985,-118.04827684257671,833,PINNACLE DETOX & RECOVERY INC,3.733,2.32,0,2,26,39,138,0,1,15,45,119
168,91008,43157.53952462471,56392330.88144952,34.15315407986214,-117.96766348558283,848,"UNITED DRUG REHAB CENTER, INC",2.996,1.861,0,1,4,25,72,0,1,2,33,68
169,91010,138869.07240918675,301063683.1617683,34.15537207804117,-117.94939837375453,580,PATHWAYS RECOVERY CENTER,4.497,2.794,0,2,5,23,66,0,2,3,25,62
170,91011,241563.9654777505,837321494.1133424,34.245942264506894,-118.1726964529918,731,ALTADENA RECOVERY CENTER,5.518,3.428,0,0,13,42,170,0,0,5,46,160
171,91016,221662.8428516619,735304906.0764244,34.1873342438682,-117.96145402618791,848,"UNITED DRUG REHAB CENTER, INC",6.214,3.861,0,0,2,21,60,0,0,2,26,54
172,91020,28301.808358666614,20468364.205345582,34.21118731140457,-118.23043570824173,772,"RISE IN GLENDALE SOBRIETY CENTER, INC.",1.443,0.897,0,3,27,95,288,2,3,16,117,274
173,91023,31949.159524010545,45514534.71551159,34.22577855008498,-118.05696870725784,664,UPLIFT RECOVERY CENTER LLC,6.718,4.174,0,0,14,26,73,0,0,6,27,71
174,91024,266703.39599682624,1553103292.405391,34.249548467846104,-118.00449961683165,664,UPLIFT RECOVERY CENTER LLC,11.721,7.283,0,0,0,14,50,0,0,0,18,47
175,91030,45255.1451087249,95762060.15025407,34.11025548903875,-118.15740803273764,819,HIGHLAND PARK,3.487,2.167,0,9,36,92,268,0,8,28,112,241
176,91040,133126.57467316397,342948302.6921939,34.26293966845234,-118.33836035509226,627,ANANDA TREATMENT,1.281,0.796,0,10,47,120,390,1,10,24,145,365
177,91042,227474.6423534252,1409499919.141476,34.31307493975257,-118.23660554570372,729,RISE WELLNESS CENTER III,7.942,4.935,0,0,3,18,175,0,0,1,21,152
178,91046,1801.7022216492978,191184.20831776795,34.21200961452586,-118.2409778114544,780,HIGHERVISION GH INC.,1.491,0.926,0,4,24,99,301,1,4,17,121,279
179,91101,34802.811465499406,34958597.70690733,34.146867329713245,-118.13915530495944,227,THE BISHOP GOODEN HOME,0.307,0.191,6,21,32,62,229,6,20,28,76,204
180,91103,80603.34826398667,142110273.1205056,34.16777133849246,-118.16504814702708,564,"ANNANDALE BEHAVIORAL HEALTH, LLC",1.136,0.706,0,18,36,62,244,3,18,30,80,227
181,91104,57027.69380789728,105364790.48678441,34.16761255359633,-118.12340603043263,444,ELIJAH'S HOUSE TREATMENT CENTER,0.361,0.225,2,24,28,50,189,3,23,27,57,169
182,91105,64802.126447720126,108704228.54037364,34.13885067783405,-118.1668010127216,819,HIGHLAND PARK,2.249,1.398,0,14,43,89,264,0,14,30,103,241
183,91106,75164.37346913823,78534705.92904352,34.13871629808862,-118.1280416526658,234,THE GOODEN CENTER OUTPATIENT PROGRAM,0.703,0.437,2,19,32,60,214,6,19,28,71,200
184,91107,82825.34848520726,224566057.69388837,34.15731146851275,-118.08594166602076,831,DETOXERY REHAB CENTER,0.526,0.327,2,18,27,43,147,6,18,23,47,137
185,91108,58145.78717024249,105907263.18214229,34.12236335545185,-118.11362546439359,234,THE GOODEN CENTER OUTPATIENT PROGRAM,2.947,1.831,0,9,32,62,210,0,9,28,67,188
186,91125,7767.455551860081,1792972.1563578998,34.13742406140854,-118.12440347265766,273,SOCIAL MODEL RECOVERY SYSTEMS (PCADD),1.004,0.624,0,21,32,59,210,3,19,28,67,196
187,91126,4431.969763342683,870984.5207562578,34.13439481408061,-118.12651994288521,234,THE GOODEN CENTER OUTPATIENT PROGRAM,1.199,0.745,0,19,32,62,213,2,17,28,71,200
188,91201,51870.10358786816,81306114.71052396,34.173612415446485,-118.28614282749466,820,CLEAR PATH IOP,1.25,0.777,0,10,65,189,424,1,10,40,206,405
189,91202,41425.66058406769,62648778.97420473,34.168652675263665,-118.2680617097706,716,GLENDALE LUXURY REHAB LLC,1.936,1.203,0,12,58,168,387,0,12,27,190,362
190,91203,23974.699212861527,24744364.512308624,34.1529575417884,-118.26382422829988,771,LUXE RECOVERY OUTPATIENT,0.566,0.352,4,13,60,168,381,4,12,37,202,357
191,91204,39174.66723588285,31448358.786231637,34.13595772725075,-118.26053416781123,891,"LUXURY ROYAL TREATMENT CENTER, INC",1.538,0.956,0,11,70,174,385,1,11,45,200,364
192,91205,45915.00939244086,60779492.58056715,34.13484722411354,-118.24308314850883,310,DIDI HIRSCH MENTAL HEALTH SERVICES - GLENDALE SITE,1.46,0.907,0,12,67,159,361,1,12,37,180,348
193,91206,85276.03319012283,168696443.63408014,34.16086615859469,-118.2132518821408,310,DIDI HIRSCH MENTAL HEALTH SERVICES - GLENDALE SITE,2.57,1.597,0,8,41,113,309,0,8,29,126,292
194,91207,56735.0773282657,85227936.60732166,34.17753268701013,-118.2490827396895,716,GLENDALE LUXURY REHAB LLC,1.242,0.772,0,10,37,141,345,1,10,22,164,323
195,91208,111242.21837703015,216484760.2731748,34.19545701722848,-118.24218598149636,780,HIGHERVISION GH INC.,0.492,0.306,1,6,32,121,321,1,4,18,139,301
196,91210,6587.806061515693,1601445.3135149588,34.14502255183974,-118.2587980417398,771,LUXE RECOVERY OUTPATIENT,0.857,0.532,2,11,65,172,381,4,11,39,195,356
197,91214,85515.17446458823,243895352.92067045,34.244319225338224,-118.24501171848874,733,U MATTER LUXURY RESORT ,0.582,0.361,1,2,15,73,275,1,2,7,85,252
198,91301,140294.84300154337,722941323.7599039,34.13017178973723,-118.7662657978942,434,INSPIRE MALIBU,0.373,0.232,1,14,18,62,190,1,14,17,71,176
199,91302,199345.88134264716,831699556.7714002,34.12406939082849,-118.68003819339026,748,HEALING HORIZON REHAB CENTER ,3.137,1.949,0,5,44,120,290,0,5,25,138,280
200,91303,39830.92501617323,59642299.03160747,34.197948479148174,-118.60142359050639,866,ALL AMERICAN TREATMENT CENTER,0.378,0.235,3,54,155,220,367,3,49,122,232,349
201,91304,92738.92574147394,264974245.74072725,34.222363608336664,-118.63019587609924,692,WEST HILLS RECOVERY CENTER,1.058,0.657,0,19,109,187,323,3,17,71,198,304
202,91306,54949.378623081466,115739866.81881669,34.2094402954471,-118.575436530496,904,ELEVATE REHABILITATION CENTER,0.456,0.284,4,65,171,238,377,4,62,144,246,362
203,91307,54676.33515576774,124165104.2103582,34.196232129624526,-118.64114971129565,657,HOUSE OF ZEN INC,1.601,0.995,0,32,106,180,327,1,29,64,193,316
204,91311,152159.24524343447,633719437.2247045,34.27893644304687,-118.60501729442527,874,REVIVE VITALITY INC,1.586,0.986,0,16,68,166,313,1,15,36,191,306
205,91316,63843.08239456495,158922398.46815392,34.159126592065256,-118.51603092223962,910,FOUNDATIONS RECOVERY CENTER,0.303,0.188,6,70,169,288,457,14,66,132,307,445
206,91324,63449.61154701605,121478902.73404855,34.23858919986921,-118.54983259460595,624,LOS ANGELES DETOX ,0.302,0.188,3,56,170,253,374,7,53,117,267,348
207,91325,98047.25607428272,133846096.0931886,34.2364406436118,-118.51712982638416,746,1 LIFE RECOVERY CENTERS,0.576,0.358,3,51,183,274,392,12,48,118,289,374
208,91326,106374.18897836944,311973791.7687301,34.28932929756769,-118.55834185074482,572,ROYAL RECOVERY AND TREATMENT CENTER,0.421,0.261,1,20,81,189,321,1,18,58,219,316
209,91330,23284.74457721712,15272036.774181435,34.24357837386103,-118.52758173669477,608,ELEVATIONS SUBSTANCE ABUSE FACILITY LLC,0.717,0.446,4,47,167,268,377,11,43,104,279,367
210,91331,87577.37126957183,237080041.49616465,34.25537347552853,-118.42163325771773,760,SUN AND MOON REHABILITATION,2.515,1.563,0,22,112,225,417,0,18,60,248,400
211,91335,59869.81999796761,182517574.54024032,34.20105969609187,-118.54070104933572,289,"TARZANA TREATMENT CENTERS, INC.",0.328,0.204,4,75,204,263,417,6,69,158,277,406
212,91340,56015.08733299485,97073111.10036509,34.28631012762214,-118.4350318465686,203,SAN FERNANDO RECOVERY CENTER,0.662,0.411,2,13,69,180,360,2,12,39,222,352
213,91342,303315.62819957035,1816661220.0174224,34.32728292929145,-118.38346375088105,759,PATHWAY TO PEACE TREATMENT CENTER,4.432,2.754,0,1,17,71,305,0,1,8,94,287
214,91343,64622.41545201707,159193603.1328818,34.238597669326,-118.48043628805345,797,WISDOM,0.762,0.473,1,37,172,276,411,2,34,105,291,394
215,91344,97884.89364456305,398434104.2478808,34.288412925293116,-118.50460591497843,940,GRANADA LUXURY RECOVERY INC,1.08,0.671,0,22,84,211,330,7,20,59,246,325
216,91345,43365.10041548494,90791225.37743856,34.26561085261307,-118.4595084399877,926,"EXCLUSIVE RECOVERY CENTER, INC. ",0.713,0.443,1,18,116,247,378,2,15,70,269,367
217,91350,151942.73021504004,388765453.75304097,34.43118922354868,-118.5062875447058,683,ANSUVA INC,2.104,1.307,0,8,14,23,109,0,8,12,26,103
218,91351,143635.63638212424,275803114.93929225,34.43585928892569,-118.4605787348854,934,SPECIALTY REHABILITATION CENTER,4.334,2.693,0,4,11,19,110,0,4,9,27,94
219,91352,162985.69272066196,415419092.7188289,34.23001463130243,-118.35316264796586,540,"S V RECOVERY, INC.",0.5,0.311,2,21,80,169,445,2,21,57,198,426
220,91354,94055.51115991686,209706261.0360179,34.461328270791796,-118.555291423849,521,HEALTHY LIVING RESIDENTIAL PROGRAM,3.585,2.228,0,4,12,15,71,0,2,9,15,59
221,91355,158179.70251108817,401961136.88457084,34.42314298164735,-118.58133169414673,600,SANTA CLARITA BEHAVIORAL HEALTH,2.923,1.817,0,3,13,14,108,0,2,12,22,100
222,91356,72629.82381659282,208898447.38272688,34.15436110956513,-118.54782367003338,681,"4 HEALTHY LIVING DETOX, INC.",0.421,0.262,3,66,161,254,449,6,63,122,272,424
223,91361,63085.79132160167,147148236.5782054,34.13043197036458,-118.83251220817088,601,NEWPORT ACADEMY,3.591,2.231,0,5,15,42,99,0,5,11,42,90
224,91362,24702.412674058756,28341041.342884097,34.155482348904954,-118.79882639006483,682,PCI WESTLAKE CENTERS,0.255,0.159,1,8,16,44,158,3,8,15,55,141
225,91364,75118.954669489,200193548.7279455,34.155817794359194,-118.59563841868629,765,HILLSIDE RETREAT DETOX,0.724,0.45,3,49,122,213,410,4,49,98,230,393
226,91367,87120.85170061806,216470652.79367247,34.17728159522534,-118.61391766250816,783,WOODLAND HILLS RECOVERY CENTER  LLC,0.774,0.481,4,49,131,197,368,11,47,90,221,355
227,91381,175729.5574597691,766642563.314674,34.3797422912724,-118.61061127567918,259,NATIONAL COUNCIL ON ALCOHOLISM AND DRUG DEPENDENCE OF THE SAN FERNANDO VALLEY,4.458,2.77,0,1,8,36,187,0,1,5,48,173
228,91382,113163.17330507103,283164508.5186597,34.36284077980643,-118.65212584899332,259,NATIONAL COUNCIL ON ALCOHOLISM AND DRUG DEPENDENCE OF THE SAN FERNANDO VALLEY,8.44,5.245,0,0,1,30,187,0,0,0,41,175
229,91384,459843.59140542,4655488363.237805,34.5612181271467,-118.65985814624534,885,LAKESIDE RECOVERY,10.619,6.598,0,0,0,1,15,0,0,0,1,14
230,91387,211760.65380532108,843673148.5635403,34.40151160816703,-118.40384546635191,821,LIVE OAK WELLNESS CENTER,0.69,0.429,1,1,4,28,168,1,1,2,33,147
231,91390,574958.4170027224,6598045168.8336,34.5273955124302,-118.41576499855202,768,AYA REHAB CENTER LLC,6.543,4.065,0,0,3,11,38,0,0,1,15,34
232,91401,51563.82122044466,99335496.3798285,34.178121175966645,-118.43200034825543,558,WHITE OAK RECOVERY CENTER LLC,0.778,0.483,2,59,158,289,472,6,55,116,332,465
233,91402,57693.81724472143,104046169.99900287,34.22410010339279,-118.44508846866087,644,CIVANA HEALTH AND WELLNESS,0.543,0.337,2,41,170,276,440,3,38,107,292,429
234,91403,68597.94994765735,96843679.67102444,34.14758827867152,-118.4631724155351,337,CROSSPOINTE RECOVERY,0.408,0.253,4,48,168,309,475,8,44,107,345,468
235,91405,49011.22049991003,92209259.52962656,34.20110104984376,-118.44812005064426,801,MINDSET RECOVERY,0.634,0.394,3,50,183,292,455,8,49,126,315,449
236,91406,68134.25626586145,189361101.65611064,34.202951227859536,-118.49128439895769,450,CORNERSTONE,0.497,0.309,2,57,201,296,447,6,53,163,303,439
237,91411,43997.844785281406,53713776.096681155,34.178338986032045,-118.45961117231157,515,SATORI HEALTH,0.555,0.345,2,61,187,309,466,7,58,134,340,456
238,91423,81059.16520712069,113253257.1327547,34.14939100686837,-118.4326838447711,673,CALI RECOVERY INC.,0.769,0.478,5,45,149,304,481,7,41,103,349,478
239,91436,77816.53657036561,177689043.0944404,34.15908433138343,-118.48787512584472,822,MIRACLE MILE RECOVERY,0.857,0.533,1,64,171,308,466,5,56,124,341,458
240,91501,61337.30469235402,125232549.37748964,34.20144531400946,-118.29566806918731,884,MONARCH TREATMENT CENTER,1.308,0.813,0,9,61,156,414,2,8,32,183,394
241,91502,35228.848810935764,39700624.10972949,34.177132140130404,-118.3097314019464,230,FOCUS ON TODAY,0.565,0.351,3,15,83,194,449,3,13,51,215,434
242,91504,57507.808821194034,131446473.14117266,34.20438878343962,-118.32798883040962,836,28'S REHAB,0.635,0.395,2,20,82,179,446,2,16,50,191,429
243,91505,93419.69057560433,143159286.74408942,34.177111988327106,-118.34759090905436,899,REGAIN HOPE DETOX AND RECOVERY CENTER INC.,0.62,0.386,2,31,117,222,481,2,30,76,241,469
244,91506,43789.75411363602,64866884.0981461,34.17153010797996,-118.32398281226396,897,AURA WELLNESS CENTER,1.382,0.858,0,21,97,206,466,1,20,61,226,451
245,91521,5886.404824676933,2214252.251518196,34.15682841642519,-118.32506309500899,529,MULTI CONCEPT RECOVERY,1.814,1.127,0,25,105,214,469,0,19,65,241,456
246,91522,7381.80745885459,3462269.411936468,34.14807270048111,-118.33841612616592,529,MULTI CONCEPT RECOVERY,0.823,0.512,1,29,116,231,483,2,25,78,261,468
247,91523,5292.816732185701,1815340.9048747793,34.15440543863317,-118.33326103709337,529,MULTI CONCEPT RECOVERY,1.028,0.638,0,23,107,222,477,1,22,71,252,462
248,91601,50023.40672062379,74137859.97371393,34.168274481714406,-118.37257719483121,316,"CRI-HELP, PFLEGER RESIDENTIAL",0.48,0.298,5,36,133,249,492,6,34,98,293,487
249,91602,42988.49871681829,58804795.456426844,34.15078583495166,-118.36621714775679,597,EMPOWER RECOVERY CENTER,0.526,0.327,1,31,140,257,501,1,30,90,279,483
250,91604,76710.28620776371,139593615.1041363,34.13917389216138,-118.39375661669185,700,STUDIO CITY RECOVERY,1.113,0.692,0,35,139,286,502,3,32,97,314,492
251,91605,70606.05308925832,147374305.53973004,34.206555940047906,-118.40095865804484,559,WHITE OAK RECOVERY,0.815,0.507,2,46,124,263,475,7,42,98,282,460
252,91606,56311.702523692715,91562088.71729174,34.18644106569606,-118.38862879106304,805,ATMOSPHERE TREATMENT CENTER LLC,0.237,0.147,5,51,126,265,490,5,50,98,297,479
253,91607,43360.655013038195,69607233.28034407,34.16625096503559,-118.4002368750796,611,MAGNOLIA RECOVERY LLC,0.323,0.201,4,51,145,290,495,5,46,100,327,482
254,91608,17061.40895321082,16240540.121463533,34.13833703001652,-118.35260403853367,870,HILLOCK HOUSE I,0.883,0.549,1,28,132,251,488,2,27,82,276,476
255,91702,297423.49004979926,1640834282.8950207,34.22204332825342,-117.86563721651127,275,THE RIVER COMMUNITY,6.351,3.946,0,0,3,6,37,0,0,1,10,32
256,91706,126744.98683660477,413467836.7907466,34.09811488401621,-117.96767935031139,848,"UNITED DRUG REHAB CENTER, INC",5.212,3.238,0,0,11,25,86,0,0,8,32,85
259,91711,151110.1818453703,523420865.3465779,34.14133000576585,-117.70789422897678,522,HATHAWAY RECOVERY,1.075,0.668,0,2,4,13,19,1,2,3,15,19
260,91722,83310.5711649018,114672133.25844261,34.09760528060407,-117.90630840132417,272,RIVER COMMUNITY DAY TREATMENT,2.572,1.598,0,6,10,19,67,0,5,8,22,66
261,91723,45009.6833598195,64912802.80629412,34.0846735185825,-117.88691855389365,272,RIVER COMMUNITY DAY TREATMENT,0.456,0.283,2,5,12,22,60,2,5,9,24,56
262,91724,117095.29518731243,173389972.08124676,34.08110388783652,-117.85533013764189,711,HERITAGE RECOVERY CENTER,1.234,0.767,0,5,13,19,46,1,5,12,20,42
263,91731,79394.97320424409,105982840.04683372,34.079282527770786,-118.04081209669317,277,MID VALLEY OUTPATIENT SERVICES,0.917,0.57,1,5,13,49,142,2,5,6,57,136
264,91732,79277.78568177698,139826395.37502736,34.071887906772325,-118.01380624272481,284,OMNI CENTER,0.597,0.371,1,5,6,40,114,2,5,6,50,101
265,91733,70074.3495096164,171378375.07538527,34.04863634413766,-118.0511106522433,370,SPIRITT FAMILY SERVICES,1.457,0.905,0,5,13,53,159,2,5,9,63,155
266,91740,67672.67810521873,140126926.211366,34.1188117335923,-117.8533136047773,548,GLENDORA RECOVERY CENTER,1.564,0.972,0,4,12,20,41,1,4,9,20,39
267,91741,134791.85553053088,655310422.6260294,34.16436691992624,-117.83348019289285,548,GLENDORA RECOVERY CENTER,4.074,2.532,0,2,7,18,33,0,2,4,20,29
268,91744,114910.48353315357,248831048.28249037,34.02877563387691,-117.93756687033905,272,RIVER COMMUNITY DAY TREATMENT,7.387,4.59,0,0,9,28,78,0,0,2,30,69
269,91745,124242.35709787419,405232415.7275407,33.997616120228074,-117.97527190486113,947,BLUE SKIES TREATMENT CENTER LLC,3.698,2.298,0,1,15,27,93,0,1,7,32,83
270,91746,115518.39665890996,179303778.75861704,34.04194292917923,-117.99070480088339,284,OMNI CENTER,3.689,2.293,0,4,10,31,101,0,3,6,38,94
272,91750,347602.15933757473,2170919762.706724,34.22739313007704,-117.74085895556756,275,THE RIVER COMMUNITY,5.274,3.277,0,0,1,4,19,0,0,1,7,19
273,91754,59277.12069331184,126477786.10651672,34.050981960126684,-118.14420339507683,892,"NEW HORIZON REHABILITATION CENTER, INC.",0.894,0.556,1,6,21,107,257,1,6,14,121,232
274,91755,60163.6385207585,86913134.65309146,34.047837300208926,-118.11496309380912,892,"NEW HORIZON REHABILITATION CENTER, INC.",2.041,1.268,0,4,20,75,219,0,4,11,93,208
275,91759,93434.03395821241,128649507.6015941,34.254242563455755,-117.66369400785531,275,THE RIVER COMMUNITY,12.555,7.801,0,0,0,2,13,0,0,0,2,9
278,91767,81779.08878063496,158861312.0128841,34.081295646880854,-117.73861931389283,427,"PROTOTYPES OUTPATIENT BEHAVIORAL HEALTH SERVICES CENTER, POMONA",1.102,0.685,0,5,10,17,20,1,5,10,17,19
279,91768,101774.94119080793,208656331.8566268,34.06430048030538,-117.78762184141577,220,AMERICAN RECOVERY CENTER,0.465,0.289,3,7,15,18,31,3,7,10,18,28
280,91770,88629.67293944502,181762195.88009548,34.06441662448105,-118.0835953678811,490,CLEAR BEHAVIORAL HEALTH ,4.428,2.751,0,5,17,61,193,0,3,9,69,177
281,91773,172742.66598343992,422199601.34484756,34.10558823653003,-117.80801747524866,724,PATHWAYS RECOVERY CENTER 2,1.179,0.733,0,2,17,19,28,1,2,14,19,26
282,91775,59531.214595008096,85444295.7285204,34.114819151010614,-118.08921731946862,432,PAX HOUSE,3.833,2.382,0,3,33,46,178,0,3,24,55,163
283,91776,61588.03207618759,97127615.6285211,34.09005363673094,-118.09548275621215,892,"NEW HORIZON REHABILITATION CENTER, INC.",5.398,3.354,0,0,32,58,199,0,0,20,62,188
284,91780,67491.96280432206,106549055.94689307,34.101506641610435,-118.05575624280988,277,MID VALLEY OUTPATIENT SERVICES,3.73,2.318,0,2,23,46,153,0,2,12,52,135
285,91789,142110.2364552929,440377794.12982553,34.02161041645479,-117.85324930256942,711,HERITAGE RECOVERY CENTER,5.702,3.543,0,0,9,17,44,0,0,6,20,42
286,91790,89120.32008447431,161400603.15550283,34.06743529381713,-117.93780651209103,272,RIVER COMMUNITY DAY TREATMENT,4.869,3.025,0,2,12,23,81,0,0,6,25,78
287,91791,92119.3066964718,183942689.9975584,34.06124387086943,-117.89420669129395,397,CENTER FOR INTEGRATED FAMILY AND HEALTH SERVICES (THE FAMILY CENTER),2.22,1.379,0,4,12,23,63,0,4,5,25,57
288,91792,77710.47592945558,107174555.73242122,34.02585977585134,-117.89987711565132,397,CENTER FOR INTEGRATED FAMILY AND HEALTH SERVICES (THE FAMILY CENTER),6.152,3.823,0,0,5,27,60,0,0,3,30,57
289,91801,68390.93148648347,120767478.50096136,34.090695224481664,-118.12786915551933,892,"NEW HORIZON REHABILITATION CENTER, INC.",4.073,2.531,0,2,40,77,236,0,2,18,95,221
290,91803,53937.89715481829,89705275.09443715,34.07483406681695,-118.14617502836711,892,"NEW HORIZON REHABILITATION CENTER, INC.",2.452,1.523,0,3,30,99,255,0,3,13,117,240
291,92397,141863.52617238412,995790778.9280801,34.35016125806872,-117.69363079081732,275,THE RIVER COMMUNITY,16.17,10.048,0,0,0,0,2,0,0,0,0,2
294,93243,241837.32327395186,1636536728.344987,34.74312622662873,-118.80956911417094,725,"LH BLUE SKY, INC.",30.921,19.214,0,0,0,0,0,0,0,0,0,0
295,93510,306567.67307370837,2217365259.3532443,34.45038242581846,-118.21166336497886,923,SOBER NATION,5.503,3.42,0,0,4,8,30,0,0,3,8,28
296,93523,303643.882886555,2101976938.9753027,34.79577041049691,-117.95495041643392,456,DESIGN FOR CHANGE,18.495,11.492,0,0,0,0,23,0,0,0,0,21
297,93532,456162.71266807313,3140227508.548606,34.695967781562025,-118.60395230356359,725,"LH BLUE SKY, INC.",11.54,7.171,0,0,0,1,2,0,0,0,1,2
298,93534,206885.83178392387,614822601.353738,34.726839435046884,-118.15032858742647,738,CHANGE LANES YOUTH SUPPORT SERVICES,2.577,1.601,0,16,25,32,39,0,14,23,32,39
299,93535,508434.9343654893,7116859743.251458,34.712853019450044,-117.87493299045913,456,DESIGN FOR CHANGE,21.675,13.468,0,0,0,0,5,0,0,0,0,4
300,93536,630966.1313518147,7768524289.79312,34.75050751460596,-118.40143577914546,832,PEACEFUL HILLS INC,8.808,5.473,0,0,2,4,30,0,0,0,5,29
301,93543,317055.08577920333,2031257904.758537,34.46838131521944,-117.96144388503073,622,LVRC2,12.508,7.772,0,0,0,1,9,0,0,0,1,7
302,93544,353049.1404817307,2659727640.4762397,34.4914766157947,-117.75500023314262,275,THE RIVER COMMUNITY,29.013,18.028,0,0,0,0,0,0,0,0,0,0
303,93550,496142.27218454465,4497844914.678674,34.427169618686165,-118.08271383318447,923,SOBER NATION,8.259,5.132,0,0,1,4,13,0,0,0,4,13
304,93551,335153.49758270034,2243155701.1116366,34.59768400473997,-118.22894276947919,943,CLEAR PATH RECOVERY,3.544,2.202,0,2,14,41,48,0,1,7,42,47
305,93552,283082.9408143084,1905736606.6398747,34.54878136740483,-118.02276136398376,622,LVRC2,4.068,2.528,0,1,3,6,37,0,1,1,7,37
306,93553,304651.75984994654,1590361973.247238,34.40813945990811,-117.89655366799958,622,LVRC2,21.413,13.305,0,0,0,0,3,0,0,0,0,2
307,93563,288369.0529102124,2074198599.9389539,34.37706144330899,-117.81030299339506,275,THE RIVER COMMUNITY,16.064,9.982,0,0,0,0,1,0,0,0,1,1
308,93591,426758.8416478447,2604197956.9659543,34.59313564754555,-117.80796650999622,622,LVRC2,24.343,15.126,0,0,0,0,1,0,0,0,0,0
309,90704,672527.5212724218,3661301104.0084677,33.17500984155375,-118.4555817704215,347,FRED BROWN'S RECOVERY SERVICES,63.16,39.246,0,0,0,0,0,0,0,0,0,0
310,90802,3122.780185063203,485596.910410273,33.75939505457852,-118.18153145687879,356,NEW FOUND LIFE,1.583,0.984,0,13,29,40,94,1,13,18,45,89
311,90803,3263.754249259444,569833.5078467113,33.75277648087787,-118.15952066227109,344,GRATITUDE LODGE LLC,1.163,0.723,0,10,20,38,87,2,10,16,40,84
312,90803,3729.233159448693,655606.0766537843,33.74148927303774,-118.16249337349626,344,GRATITUDE LODGE LLC,2.447,1.521,0,8,17,37,84,0,8,16,39,80
313,90803,3207.853050631956,529034.7394256709,33.73983858138238,-118.13908730991453,344,GRATITUDE LODGE LLC,3.082,1.915,0,6,16,36,77,0,5,13,38,71
314,91321,227772.1004757293,756479348.9406911,34.36380305904992,-118.51041365137641,756,EDEN RECOVERY CENTER INC,2.523,1.567,0,3,27,71,294,0,3,17,85,268
315,90013,27153.272523699306,18667346.7699582,34.04460412612803,-118.24082021572315,323,L.A. CADA,0.232,0.144,3,25,77,152,356,3,25,53,180,337
316,90090,7248.507955514754,684133.0645282386,34.07353871872319,-118.24062849142217,391,ROBERT SUNDANCE FAMILY WELLNESS CENTER,1.712,1.064,0,21,78,160,367,0,19,50,185,359
317,91709,13364.561098783834,3787999.5465445905,34.0227971890596,-117.75623026672665,863,WELLNESS DETOX LA LLC,2.701,1.678,0,3,9,16,23,0,3,7,16,22
318,91748,105409.0041945982,405594866.5428588,33.97612742588053,-117.89714021379552,947,BLUE SKIES TREATMENT CENTER LLC,8.268,5.137,0,0,3,19,50,0,0,0,23,48
319,91765,135366.72486416297,523003124.3196605,33.98746958932341,-117.81493184488833,220,AMERICAN RECOVERY CENTER,8.47,5.263,0,0,5,13,36,0,0,0,16,36
320,91766,74134.46605543316,271002027.26511675,34.04158794494482,-117.75890020881013,863,WELLNESS DETOX LA LLC,1.422,0.884,0,6,9,17,24,1,6,8,17,22
